{
  "version": 1,
  "author": "Prabhat Rawal",
  "editor": "wokwi",
  "parts": [
    { "type": "wokwi-breadboard", "id": "bb1", "top": -252.6, "left": -112.4, "attrs": {} },
    { "type": "wokwi-arduino-uno", "id": "uno", "top": -37.8, "left": -106.2, "attrs": {} },
    { "type": "wokwi-ds1307", "id": "rtc1", "top": -341.4, "left": -163.1, "attrs": {} },
    {
      "type": "wokwi-lcd1602",
      "id": "lcd1",
      "top": 44.8,
      "left": 236,
      "attrs": { "pins": "i2c" }
    },
    { "type": "wokwi-relay-module", "id": "relay1", "top": -393.4, "left": 489.6, "attrs": {} }
  ],
  "connections": [
    [ "uno:GND.1", "bb1:11b.j", "black", [ "v0" ] ],
    [ "rtc1:GND", "bb1:11b.f", "black", [ "h153.6", "v-19.2" ] ],
    [ "uno:5V", "bb1:27b.j", "red", [ "v28.7", "h138.2" ] ],
    [ "rtc1:5V", "bb1:27b.f", "red", [ "h-48", "v-67.6", "h345.6" ] ],
    [ "rtc1:SCL", "uno:A5", "green", [ "h-163.2", "v499", "h470.4" ] ],
    [ "rtc1:SDA", "uno:A4", "green", [ "h-134.4", "v498.9", "h432" ] ],
    [ "lcd1:GND", "bb1:11b.g", "black", [ "h0" ] ],
    [ "lcd1:VCC", "bb1:27b.g", "red", [ "h0" ] ],
    [ "lcd1:SCL", "uno:A5", "green", [ "h-38.4", "v96.3", "h-57.6" ] ],
    [ "lcd1:SDA", "uno:A4", "green", [ "h-57.6", "v182.6", "h-38.4", "v-9.6" ] ],
    [ "relay1:VCC", "bb1:27b.i", "red", [ "h-307.2", "v28.8" ] ],
    [ "relay1:GND", "bb1:11b.i", "black", [ "h-412.8", "v47.6" ] ],
    [ "relay1:IN", "uno:7", "green", [ "h28.8", "v268.6", "h38.4" ] ]
  ],
  "dependencies": {}
}